{
	"info": {
		"_postman_id": "6346efd2-e6be-4e4c-8f68-7c3039196eaf",
		"name": "AA API Collection 19-03-2025",
		"description": "User Creation and account linking and conset approval api collection",
		"schema": "https://schema.getpostman.com/json/collection/v2.1.0/collection.json",
		"_exporter_id": "30392359"
	},
	"item": [
		{
			"name": "Create User & Account-Consent API's",
			"item": [
				{
					"name": "Sign Up",
					"event": [
						{
							"listen": "test",
							"script": {
								"exec": [
									"let jsonData=pm.response.json();\r",
									"pm.environment.set(\"otpUniqueId\",jsonData[\"otpUniqueID\"]);\r",
									"pm.environment.set(\"vuaId\",jsonData[\"vuaId\"]);"
								],
								"type": "text/javascript",
								"packages": {}
							}
						}
					],
					"request": {
						"method": "POST",
						"header": [],
						"body": {
							"mode": "raw",
							"raw": "{\r\n    \"phoneNumber\": \"8096261831\",\r\n    \"firstName\": \"MAN\",\r\n    \"lastName\": \"User\",\r\n    \"pin\": \"111111\",\r\n    \"vuaId\": \"8096261831@UATNSDLAA\",\r\n    \"isTermsAndConditionAgreed\": \"true\"\r\n}",
							"options": {
								"raw": {
									"language": "json"
								}
							}
						},
						"url": {
							"raw": "{{aaUrl}}/public/user/signup",
							"host": [
								"{{aaUrl}}"
							],
							"path": [
								"public",
								"user",
								"signup"
							]
						}
					},
					"response": []
				},
				{
					"name": "Sign Up Verification",
					"event": [
						{
							"listen": "test",
							"script": {
								"exec": [
									"let jsonData=pm.response.json();\r",
									"pm.environment.set(\"token\",jsonData[\"access_token\"]);"
								],
								"type": "text/javascript"
							}
						}
					],
					"request": {
						"method": "POST",
						"header": [],
						"body": {
							"mode": "raw",
							"raw": "{\r\n    \"vuaId\":\"{{vuaId}}\",\r\n    \"otp\":\"123456\",\r\n    \"pin\":\"111111\",\r\n    \"otpUniqueID\":\"{{otpUniqueId}}\",\r\n    \"isTermsAndConditionAgreed\":\"true\"\r\n}",
							"options": {
								"raw": {
									"language": "json"
								}
							}
						},
						"url": {
							"raw": "{{aaUrl}}/public/user/signup/verify",
							"host": [
								"{{aaUrl}}"
							],
							"path": [
								"public",
								"user",
								"signup",
								"verify"
							]
						}
					},
					"response": []
				},
				{
					"name": "Login",
					"event": [
						{
							"listen": "test",
							"script": {
								"exec": [
									"let jsonData=pm.response.json();",
									"pm.environment.set(\"token\",jsonData[\"access_token\"]);",
									"pm.environment.set(\"refreshToken\", jsonData[\"refresh_token\"]);"
								],
								"type": "text/javascript",
								"packages": {}
							}
						},
						{
							"listen": "prerequest",
							"script": {
								"exec": [
									""
								],
								"type": "text/javascript",
								"packages": {}
							}
						}
					],
					"request": {
						"method": "POST",
						"header": [],
						"body": {
							"mode": "raw",
							"raw": "{\r\n    \"phoneNumber\": \"8976844224\",\r\n    \"pin\": \"123456\",\r\n    \"isTermsAndConditionAgreed\":\"true\"\r\n}",
							"options": {
								"raw": {
									"language": "json"
								}
							}
						},
						"url": {
							"raw": "{{aaUrl}}/public/user/login",
							"host": [
								"{{aaUrl}}"
							],
							"path": [
								"public",
								"user",
								"login"
							]
						}
					},
					"response": []
				},
				{
					"name": "Get Refresh Token",
					"event": [
						{
							"listen": "test",
							"script": {
								"exec": [
									"let jsonData=pm.response.json();",
									"pm.environment.set(\"token\",jsonData[\"access_token\"]);",
									"pm.environment.set(\"refreshToken\",jsonData[\"refresh_token\"]);"
								],
								"type": "text/javascript"
							}
						}
					],
					"request": {
						"method": "POST",
						"header": [],
						"body": {
							"mode": "raw",
							"raw": "{\n    \"refreshToken\": \"{{refreshToken}}\"\n}",
							"options": {
								"raw": {
									"language": "json"
								}
							}
						},
						"url": {
							"raw": "{{aaUrl}}/public/user/refreshtoken",
							"host": [
								"{{aaUrl}}"
							],
							"path": [
								"public",
								"user",
								"refreshtoken"
							]
						}
					},
					"response": []
				},
				{
					"name": "Account Discovery",
					"event": [
						{
							"listen": "test",
							"script": {
								"exec": [
									"let jsonData=pm.response.json();",
									"var val=jsonData[\"DiscoveredAccounts\"]",
									"var val2=jsonData[\"DiscoveredAccounts\"][0][\"accRefNumber\"];",
									"var signature = jsonData[\"signature\"];",
									"pm.environment.set(\"accDiscoverySignature\",signature);",
									"pm.environment.set(\"discoveredAccount\",JSON.stringify(val));",
									"for(var i=0; i< val.length; i++) {",
									"pm.environment.set(\"accRefNumber\" + i,val[i][\"accRefNumber\"]);",
									"}"
								],
								"type": "text/javascript",
								"packages": {}
							}
						},
						{
							"listen": "prerequest",
							"script": {
								"exec": [
									"let config = {",
									"    header: {",
									"        \"Content-Type\": \"application/json\"",
									"    },",
									"    url: \"https://uat.proteansurakshaa.com/api/v2/public/user/refreshtoken\",",
									"    method: \"POST\",",
									"    body: {",
									"        mode :\"raw\",",
									"        raw: JSON.stringify({",
									"            refreshToken: pm.environment.get(\"refreshToken\")        ",
									"        })",
									"    }",
									"}",
									"pm.sendRequest(config, function (err, response) {",
									"    let jsonData=response.json();",
									"    pm.environment.set(\"token\",jsonData[\"access_token\"]);",
									"    pm.environment.set(\"refreshToken\",jsonData[\"refresh_token\"]);",
									"});",
									""
								],
								"type": "text/javascript",
								"packages": {}
							}
						}
					],
					"request": {
						"auth": {
							"type": "bearer",
							"bearer": [
								{
									"key": "token",
									"value": "{{token}}",
									"type": "string"
								}
							]
						},
						"method": "POST",
						"header": [
							{
								"key": "Content-Type",
								"value": "application/json"
							},
							{
								"key": "X-JWS-SIGNATURE",
								"value": "",
								"type": "text",
								"disabled": true
							}
						],
						"body": {
							"mode": "raw",
							"raw": "{\n\t\"FITypes\":[\"\"],\n\t\"FipId\":\"PROTEAN_FIP_UAT\",\n    \"Identifiers\": [\n      {\n        \"categoryType\": \"STRONG\",\n        \"type\": \"MOBILE\",\n        \"value\": \"9182544581\"\n      }\n      \n    ]\n}\n"
						},
						"url": {
							"raw": "{{aaUrl}}/User/account/discovery",
							"host": [
								"{{aaUrl}}"
							],
							"path": [
								"User",
								"account",
								"discovery"
							]
						}
					},
					"response": []
				},
				{
					"name": "Account Linking",
					"event": [
						{
							"listen": "test",
							"script": {
								"exec": [
									"let jsonData=pm.response.json();",
									"pm.environment.set(\"RefNumber\",jsonData[\"RefNumber\"]);"
								],
								"type": "text/javascript",
								"packages": {}
							}
						},
						{
							"listen": "prerequest",
							"script": {
								"exec": [
									"let config = {",
									"    header: {",
									"        \"Content-Type\": \"application/json\"",
									"    },",
									"    url: \"https://uat.proteansurakshaa.com/api/v2/public/user/refreshtoken\",",
									"    method: \"POST\",",
									"    body: {",
									"        mode :\"raw\",",
									"        raw: JSON.stringify({",
									"            refreshToken: pm.environment.get(\"refreshToken\")        ",
									"        })",
									"    }",
									"}",
									"pm.sendRequest(config, function (err, response) {",
									"    let jsonData=response.json();",
									"    pm.environment.set(\"token\",jsonData[\"access_token\"]);",
									"    pm.environment.set(\"refreshToken\",jsonData[\"refresh_token\"]);",
									"});",
									""
								],
								"type": "text/javascript",
								"packages": {}
							}
						}
					],
					"request": {
						"auth": {
							"type": "bearer",
							"bearer": [
								{
									"key": "token",
									"value": "{{token}}",
									"type": "string"
								}
							]
						},
						"method": "POST",
						"header": [
							{
								"key": "Accept",
								"value": "application/json"
							},
							{
								"key": "Content-Type",
								"value": "application/json"
							}
						],
						"body": {
							"mode": "raw",
							"raw": "{\n\t\"FipId\": \"PROTEAN_FIP_UAT\",\n\t\"Accounts\":{{discoveredAccount}},\n    \"signature\": \"{{accDiscoverySignature}}\"\n}"
						},
						"url": {
							"raw": "{{aaUrl}}/User/account/link",
							"host": [
								"{{aaUrl}}"
							],
							"path": [
								"User",
								"account",
								"link"
							]
						}
					},
					"response": []
				},
				{
					"name": "Account Linking Token Verification",
					"event": [
						{
							"listen": "test",
							"script": {
								"exec": [
									"let jsonData=pm.response.json();",
									"pm.environment.set(\"linkRefNumber\",jsonData[\"AccLinkDetails\"][0][\"linkRefNumber\"]);"
								],
								"type": "text/javascript",
								"packages": {}
							}
						},
						{
							"listen": "prerequest",
							"script": {
								"exec": [
									"let config = {",
									"    header: {",
									"        \"Content-Type\": \"application/json\"",
									"    },",
									"    url: \"https://uat.proteansurakshaa.com/api/v2/public/user/refreshtoken\",",
									"    method: \"POST\",",
									"    body: {",
									"        mode :\"raw\",",
									"        raw: JSON.stringify({",
									"            refreshToken: pm.environment.get(\"refreshToken\")        ",
									"        })",
									"    }",
									"}",
									"pm.sendRequest(config, function (err, response) {",
									"    let jsonData=response.json();",
									"    pm.environment.set(\"token\",jsonData[\"access_token\"]);",
									"    pm.environment.set(\"refreshToken\",jsonData[\"refresh_token\"]);",
									"});",
									""
								],
								"type": "text/javascript",
								"packages": {}
							}
						}
					],
					"request": {
						"auth": {
							"type": "bearer",
							"bearer": [
								{
									"key": "token",
									"value": "{{token}}",
									"type": "string"
								}
							]
						},
						"method": "GET",
						"header": [
							{
								"key": "x-jws-signature",
								"value": "123",
								"disabled": true
							},
							{
								"key": "Accept",
								"value": "application/json"
							},
							{
								"key": "Content-Type",
								"value": "application/json"
							}
						],
						"url": {
							"raw": "{{aaUrl}}/User/account/link/{{refNumber}}/1234/?FipId=PROTEAN_FIP_UAT",
							"host": [
								"{{aaUrl}}"
							],
							"path": [
								"User",
								"account",
								"link",
								"{{refNumber}}",
								"1234",
								""
							],
							"query": [
								{
									"key": "FipId",
									"value": "PROTEAN_FIP_UAT"
								}
							]
						}
					},
					"response": []
				},
				{
					"name": "Get Linked Accounts",
					"event": [
						{
							"listen": "prerequest",
							"script": {
								"exec": [
									"let config = {\r",
									"    header: {\r",
									"        \"Content-Type\": \"application/json\"\r",
									"    },\r",
									"    url: \"https://uat.proteansurakshaa.com/api/v2/public/user/refreshtoken\",\r",
									"    method: \"POST\",\r",
									"    body: {\r",
									"        mode :\"raw\",\r",
									"        raw: JSON.stringify({\r",
									"            refreshToken: pm.environment.get(\"refreshToken\")        \r",
									"        })\r",
									"    }\r",
									"}\r",
									"pm.sendRequest(config, function (err, response) {\r",
									"    let jsonData=response.json();\r",
									"    pm.environment.set(\"token\",jsonData[\"access_token\"]);\r",
									"    pm.environment.set(\"refreshToken\",jsonData[\"refresh_token\"]);\r",
									"});\r",
									""
								],
								"type": "text/javascript",
								"packages": {}
							}
						}
					],
					"protocolProfileBehavior": {
						"disableBodyPruning": true
					},
					"request": {
						"auth": {
							"type": "bearer",
							"bearer": [
								{
									"key": "token",
									"value": "{{token}}",
									"type": "string"
								}
							]
						},
						"method": "GET",
						"header": [
							{
								"key": "Accept",
								"value": "application/json,text/plain, */*",
								"type": "text"
							},
							{
								"key": "Content-Type",
								"value": "application/json",
								"type": "text"
							}
						],
						"body": {
							"mode": "raw",
							"raw": "",
							"options": {
								"raw": {
									"language": "json"
								}
							}
						},
						"url": {
							"raw": "{{aaUrl}}/User/linkedaccount",
							"host": [
								"{{aaUrl}}"
							],
							"path": [
								"User",
								"linkedaccount"
							],
							"query": [
								{
									"key": "consentHandle",
									"value": "\"\"",
									"disabled": true
								}
							]
						}
					},
					"response": []
				},
				{
					"name": "Consent Approve To Send OTP",
					"request": {
						"auth": {
							"type": "bearer",
							"bearer": [
								{
									"key": "token",
									"value": "{{token}}",
									"type": "string"
								}
							]
						},
						"method": "POST",
						"header": [
							{
								"key": "Content-Type",
								"value": "application/json",
								"type": "text"
							},
							{
								"key": "",
								"value": "",
								"type": "text",
								"disabled": true
							}
						],
						"body": {
							"mode": "raw",
							"raw": "",
							"options": {
								"raw": {
									"language": "json"
								}
							}
						},
						"url": {
							"raw": "{{aaUrl}}/User/Consent/Approval/aec4cc2c-bc9f-47fa-bfb0-956b363ddd85/APPROVED",
							"host": [
								"{{aaUrl}}"
							],
							"path": [
								"User",
								"Consent",
								"Approval",
								"aec4cc2c-bc9f-47fa-bfb0-956b363ddd85",
								"APPROVED"
							]
						}
					},
					"response": []
				},
				{
					"name": "Consent Approve Verification",
					"event": [
						{
							"listen": "prerequest",
							"script": {
								"exec": [
									"let config = {\r",
									"    header: {\r",
									"        \"Content-Type\": \"application/json\"\r",
									"    },\r",
									"    url: pm.environment.get(\"aaUrl\")+\"/public/user/refreshtoken\",\r",
									"    method: \"POST\",\r",
									"    body: {\r",
									"        mode :\"raw\",\r",
									"        raw: JSON.stringify({\r",
									"            refreshToken: pm.environment.get(\"refreshToken\")        \r",
									"        })\r",
									"    }\r",
									"}\r",
									"pm.sendRequest(config, function (err, response) {\r",
									"    let jsonData=response.json();\r",
									"    pm.environment.set(\"token\",jsonData[\"access_token\"]);\r",
									"    pm.environment.set(\"refreshToken\",jsonData[\"refresh_token\"]);\r",
									"});\r",
									""
								],
								"type": "text/javascript",
								"packages": {}
							}
						}
					],
					"request": {
						"auth": {
							"type": "bearer",
							"bearer": [
								{
									"key": "token",
									"value": "{{token}}",
									"type": "string"
								}
							]
						},
						"method": "POST",
						"header": [],
						"body": {
							"mode": "raw",
							"raw": "{\r\n    \"accounts\": [\r\n        {\r\n           \"fipHandle\": \"ACME-FIP\",\r\n            \"linkRefNumber\": \"91598606-16a7-4ef1-8534-37fe5e06d950\"\r\n\r\n        }\r\n    ],\r\n    \"authType\": \"OTP\",\r\n    \"authValue\": \"123456\",\r\n    \"consentHandle\": \"ba337769-8eb9-4676-bff3-1caffc27d5f5\",\r\n    \"constentApprovalStatus\": \"APPROVED\",\r\n    \"otpUniqueID\": \"9200a0f9-065c-47cc-81ac-7c5f7ded0ef5\"\r\n}\r\n\r\n",
							"options": {
								"raw": {
									"language": "json"
								}
							}
						},
						"url": {
							"raw": "{{aaUrl}}/User/Consent/Approval/Verification",
							"host": [
								"{{aaUrl}}"
							],
							"path": [
								"User",
								"Consent",
								"Approval",
								"Verification"
							]
						}
					},
					"response": []
				},
				{
					"name": "without OTP Consent Approve Verification",
					"event": [
						{
							"listen": "prerequest",
							"script": {
								"exec": [
									"let config = {\r",
									"    header: {\r",
									"        \"Content-Type\": \"application/json\"\r",
									"    },\r",
									"    url: pm.environment.get(\"aaUrl\")+\"/public/user/refreshtoken\",\r",
									"    method: \"POST\",\r",
									"    body: {\r",
									"        mode :\"raw\",\r",
									"        raw: JSON.stringify({\r",
									"            refreshToken: pm.environment.get(\"refreshToken\")        \r",
									"        })\r",
									"    }\r",
									"}\r",
									"pm.sendRequest(config, function (err, response) {\r",
									"    let jsonData=response.json();\r",
									"    pm.environment.set(\"token\",jsonData[\"access_token\"]);\r",
									"    pm.environment.set(\"refreshToken\",jsonData[\"refresh_token\"]);\r",
									"});\r",
									""
								],
								"type": "text/javascript",
								"packages": {}
							}
						}
					],
					"request": {
						"auth": {
							"type": "bearer",
							"bearer": [
								{
									"key": "token",
									"value": "{{token}}",
									"type": "string"
								}
							]
						},
						"method": "POST",
						"header": [
							{
								"key": "Redirection",
								"value": "true",
								"type": "text"
							}
						],
						"body": {
							"mode": "raw",
							"raw": "{\r\n    \"accounts\": [\r\n        {\r\n           \"fipHandle\": \"PROTEAN_FIP_UAT\",\r\n            \"linkRefNumber\": \"93e1cdc1-d70e-4c7e-83de-e8b1dc39f925\"\r\n\r\n        }\r\n    ],\r\n    \"authType\": null,\r\n    \"consentHandle\": \"03999f4a-1eea-428c-b0c7-e2d48bd2c5a2\",\r\n    \"constentApprovalStatus\": \"APPROVED\"\r\n}\r\n\r\n",
							"options": {
								"raw": {
									"language": "json"
								}
							}
						},
						"url": {
							"raw": "{{aaUrl}}/User/Consent/Approval/Verification",
							"host": [
								"{{aaUrl}}"
							],
							"path": [
								"User",
								"Consent",
								"Approval",
								"Verification"
							]
						}
					},
					"response": []
				},
				{
					"name": "Consent Reject to sent OTP",
					"request": {
						"auth": {
							"type": "bearer",
							"bearer": [
								{
									"key": "token",
									"value": "{{token}}",
									"type": "string"
								}
							]
						},
						"method": "POST",
						"header": [
							{
								"key": "Content-Type",
								"value": "application/json",
								"type": "text"
							}
						],
						"body": {
							"mode": "raw",
							"raw": "",
							"options": {
								"raw": {
									"language": "json"
								}
							}
						},
						"url": {
							"raw": "{{aaUrl}}/User/Consent/Approval/ba337769-8eb9-4676-bff3-1caffc27d5f5/FAILED",
							"host": [
								"{{aaUrl}}"
							],
							"path": [
								"User",
								"Consent",
								"Approval",
								"ba337769-8eb9-4676-bff3-1caffc27d5f5",
								"FAILED"
							]
						}
					},
					"response": []
				},
				{
					"name": "Consent Reject Verification",
					"event": [
						{
							"listen": "prerequest",
							"script": {
								"exec": [
									"let config = {\r",
									"    header: {\r",
									"        \"Content-Type\": \"application/json\"\r",
									"    },\r",
									"    url: pm.environment.get(\"aaUrl\")+\"/public/user/refreshtoken\",\r",
									"    method: \"POST\",\r",
									"    body: {\r",
									"        mode :\"raw\",\r",
									"        raw: JSON.stringify({\r",
									"            refreshToken: pm.environment.get(\"refreshToken\")        \r",
									"        })\r",
									"    }\r",
									"}\r",
									"pm.sendRequest(config, function (err, response) {\r",
									"    let jsonData=response.json();\r",
									"    pm.environment.set(\"token\",jsonData[\"access_token\"]);\r",
									"    pm.environment.set(\"refreshToken\",jsonData[\"refresh_token\"]);\r",
									"});\r",
									""
								],
								"type": "text/javascript",
								"packages": {}
							}
						}
					],
					"request": {
						"auth": {
							"type": "bearer",
							"bearer": [
								{
									"key": "token",
									"value": "{{token}}",
									"type": "string"
								}
							]
						},
						"method": "POST",
						"header": [],
						"body": {
							"mode": "raw",
							"raw": "{\r\n    \"accounts\": [\r\n        {\r\n           \"fipHandle\": \"ACME-FIP\",\r\n            \"linkRefNumber\": \"91598606-16a7-4ef1-8534-37fe5e06d950\"\r\n\r\n        }\r\n    ],\r\n    \"authType\": \"OTP\",\r\n    \"authValue\": \"123456\",\r\n    \"consentHandle\": \"ba337769-8eb9-4676-bff3-1caffc27d5f5\",\r\n    \"constentApprovalStatus\": \"REJECTED\",\r\n    \"otpUniqueID\": \"65472c42-bea9-4221-9b55-95c84c7ce028\"\r\n}\r\n\r\n",
							"options": {
								"raw": {
									"language": "json"
								}
							}
						},
						"url": {
							"raw": "{{aaUrl}}/User/Consent/Approval/Verification",
							"host": [
								"{{aaUrl}}"
							],
							"path": [
								"User",
								"Consent",
								"Approval",
								"Verification"
							]
						}
					},
					"response": []
				},
				{
					"name": "DELINK Account",
					"event": [
						{
							"listen": "test",
							"script": {
								"exec": [
									"let jsonData=pm.response.json();",
									"pm.environment.set(\"otpUniqueId\",jsonData[\"otpUniqueID\"]);"
								],
								"type": "text/javascript",
								"packages": {}
							}
						},
						{
							"listen": "prerequest",
							"script": {
								"exec": [
									"let config = {\r",
									"    header: {\r",
									"        \"Content-Type\": \"application/json\"\r",
									"    },\r",
									"    url: \"https://uat.proteansurakshaa.com/api/v2/public/user/refreshtoken\",\r",
									"    method: \"POST\",\r",
									"    body: {\r",
									"        mode :\"raw\",\r",
									"        raw: JSON.stringify({\r",
									"            refreshToken: pm.environment.get(\"refreshToken\")        \r",
									"        })\r",
									"    }\r",
									"}\r",
									"pm.sendRequest(config, function (err, response) {\r",
									"    let jsonData=response.json();\r",
									"    pm.environment.set(\"token\",jsonData[\"access_token\"]);\r",
									"    pm.environment.set(\"refreshToken\",jsonData[\"refresh_token\"]);\r",
									"});\r",
									""
								],
								"type": "text/javascript",
								"packages": {}
							}
						}
					],
					"request": {
						"auth": {
							"type": "bearer",
							"bearer": [
								{
									"key": "token",
									"value": "{{token}}",
									"type": "string"
								}
							]
						},
						"method": "POST",
						"header": [
							{
								"key": "x-jws-signature",
								"value": "123"
							},
							{
								"key": "Accept",
								"value": "application/json"
							},
							{
								"key": "Content-Type",
								"value": "application/json"
							}
						],
						"body": {
							"mode": "raw",
							"raw": "{\n    \"FipId\": \"SAKFIP02\",\n    \"linkRefNumber\": \"74dbc7b081\",\n    \"txnId\": \"84b55923-0255-44ea-b54c-7f51985409a1\",\n    \"VuaId\": \"{{vuaId}}\"\n}"
						},
						"url": {
							"raw": "{{aaUrl}}/User/account/delink",
							"host": [
								"{{aaUrl}}"
							],
							"path": [
								"User",
								"account",
								"delink"
							]
						}
					},
					"response": []
				},
				{
					"name": "DELINK Account Verification",
					"event": [
						{
							"listen": "test",
							"script": {
								"exec": [
									""
								],
								"type": "text/javascript",
								"packages": {}
							}
						},
						{
							"listen": "prerequest",
							"script": {
								"exec": [
									"let config = {\r",
									"    header: {\r",
									"        \"Content-Type\": \"application/json\"\r",
									"    },\r",
									"    url: \"https://uat.proteansurakshaa.com/api/v2/public/user/refreshtoken\",\r",
									"    method: \"POST\",\r",
									"    body: {\r",
									"        mode :\"raw\",\r",
									"        raw: JSON.stringify({\r",
									"            refreshToken: pm.environment.get(\"refreshToken\")        \r",
									"        })\r",
									"    }\r",
									"}\r",
									"pm.sendRequest(config, function (err, response) {\r",
									"    let jsonData=response.json();\r",
									"    pm.environment.set(\"token\",jsonData[\"access_token\"]);\r",
									"    pm.environment.set(\"refreshToken\",jsonData[\"refresh_token\"]);\r",
									"});\r",
									""
								],
								"type": "text/javascript",
								"packages": {}
							}
						}
					],
					"request": {
						"auth": {
							"type": "bearer",
							"bearer": [
								{
									"key": "token",
									"value": "{{token}}",
									"type": "string"
								}
							]
						},
						"method": "DELETE",
						"header": [],
						"body": {
							"mode": "raw",
							"raw": "{\r\n    \"FipId\": \"SAKFIP02\",\r\n    \"VuaId\": \"{{vuaId}}\",\r\n    \"authType\": \"OTP\",\r\n    \"authValue\": \"123456\",\r\n    \"linkRefNumber\": \"74dbc7b081\",\r\n    \"otpUniqueID\": \"{{otpUniqueId}}\",\r\n    \"txnId\": \"279d6240-62ca-45a8-836e-81e5e403b2fq\"\r\n}",
							"options": {
								"raw": {
									"language": "json"
								}
							}
						},
						"url": {
							"raw": "{{aaUrl}}/User/account/delink/Verification",
							"host": [
								"{{aaUrl}}"
							],
							"path": [
								"User",
								"account",
								"delink",
								"Verification"
							]
						}
					},
					"response": []
				},
				{
					"name": "Sign-Out",
					"request": {
						"auth": {
							"type": "bearer",
							"bearer": [
								{
									"key": "token",
									"value": "{{bearer-token}}",
									"type": "string"
								}
							]
						},
						"method": "GET",
						"header": [],
						"url": {
							"raw": "{{base-url}}/api/v1/User/sign-out",
							"host": [
								"{{base-url}}"
							],
							"path": [
								"api",
								"v1",
								"User",
								"sign-out"
							],
							"query": [
								{
									"key": "mobileToken",
									"value": null,
									"disabled": true
								}
							]
						}
					},
					"response": []
				}
			],
			"description": "In this folder user register and login and account linking and consent approval API's added."
		}
	]
}