{
	"id": "25e90406-b217-4e75-a9e8-2a28804f236c",
	"name": "AA-UAT ENV",
	"values": [
		{
			"key": "aaUrl",
			"value": "https://uat.proteansurakshaa.com/api/v2",
			"enabled": true
		},
		{
			"key": "token",
			"value": "",
			"enabled": true
		},
		{
			"key": "accDiscoverySignature",
			"value": "",
			"type": "default",
			"enabled": true
		},
		{
			"key": "discoveredAccount",
			"value": "",
			"type": "default",
			"enabled": true
		},
		{
			"key": "accRefNumber",
			"value": "",
			"type": "default",
			"enabled": true
		},
		{
			"key": "refNumber",
			"value": "",
			"type": "default",
			"enabled": true
		},
		{
			"key": "linkRefNumber",
			"value": "",
			"type": "default",
			"enabled": true
		},
		{
			"key": "fipId",
			"value": "",
			"type": "default",
			"enabled": true
		},
		{
			"key": "mobileNumber",
			"value": "",
			"type": "default",
			"enabled": true
		},
		{
			"key": "otpUniqueId",
			"value": "",
			"type": "default",
			"enabled": true
		},
		{
			"key": "mobileNumberSignature",
			"value": "",
			"type": "default",
			"enabled": true
		},
		{
			"key": "refreshToken",
			"value": "",
			"type": "default",
			"enabled": true
		},
		{
			"key": "vuaId",
			"value": "",
			"enabled": true
		},
		{
			"key": "accRefNumber0",
			"value": "",
			"type": "any",
			"enabled": true
		},
		{
			"key": "accRefNumber1",
			"value": "",
			"type": "any",
			"enabled": true
		},
		{
			"key": "accRefNumber2",
			"value": "",
			"type": "any",
			"enabled": true
		},
		{
			"key": "txnid",
			"value": "",
			"type": "any",
			"enabled": true
		},
		{
			"key": "timestamp",
			"value": "",
			"type": "any",
			"enabled": true
		},
		{
			"key": "ConsentHandle",
			"value": "",
			"type": "any",
			"enabled": true
		},
		{
			"key": "ConsentId",
			"value": "",
			"type": "any",
			"enabled": true
		},
		{
			"key": "digital_signature",
			"value": "",
			"type": "any",
			"enabled": true
		},
		{
			"key": "accRefNumber3",
			"value": "",
			"type": "any",
			"enabled": true
		},
		{
			"key": "accRefNumber4",
			"value": "",
			"type": "any",
			"enabled": true
		},
		{
			"key": "accRefNumber5",
			"value": "",
			"type": "any",
			"enabled": true
		},
		{
			"key": "accRefNumber6",
			"value": "",
			"type": "any",
			"enabled": true
		},
		{
			"key": "accRefNumber7",
			"value": "",
			"type": "any",
			"enabled": true
		},
		{
			"key": "accRefNumber8",
			"value": "",
			"type": "any",
			"enabled": true
		},
		{
			"key": "RefNumber",
			"value": "",
			"type": "any",
			"enabled": true
		}
	],
	"_postman_variable_scope": "environment",
	"_postman_exported_at": "2025-03-19T08:27:02.641Z",
	"_postman_exported_using": "Postman/11.37.1"
}